38.476014887926404,40.73753249826174,45.03869566430525,50.65950323610839,0,0,0,0
38.469878964774864,40.74366842141328,45.05710343375988,50.70859062132073,0,0,0,0
38.469878964774864,40.74366842141328,45.03869566430525,50.653367312956846,0,0,0,0
38.48215081107795,40.768212114019455,45.05096751060834,50.72699839077536,0,0,0,0
38.469878964774864,40.74980434456483,45.04483158745679,50.72699839077536,0,0,0,0
38.47601488792641,40.74366842141328,45.01415197169908,50.72699839077536,0,0,0,0
38.47601488792641,40.774348037170995,45.00188012539599,50.702454698169184,0,0,0,0
38.47601488792641,40.74366842141328,45.063239356911424,50.70859062132073,0,0,0,0
38.46374304162333,40.75594026771637,45.04483158745679,50.66563915925993,0,0,0,0
38.451471195320245,40.74366842141328,45.05710343375988,50.696318775017644,0,0,0,0
38.457607118471785,40.74366842141328,45.05096751060834,50.72699839077536,0,0,0,0
38.46987896477487,40.762076190867916,45.026423818002165,50.72699839077536,0,0,0,0
38.46987896477487,40.762076190867916,45.063239356911424,50.71472654447227,0,0,0,0
38.47601488792641,40.762076190867916,45.08164712636605,50.72086246762382,0,0,0,0
38.47601488792641,40.774348037170995,45.00188012539599,50.74540616022998,0,0,0,0
38.48828673422949,40.78048396032254,45.05096751060833,50.75767800653307,0,0,0,0
38.463743041623324,40.75594026771637,45.044831587456784,50.71472654447227,0,0,0,0
38.469878964774864,40.768212114019455,45.044831587456784,50.74540616022998,0,0,0,0
38.48215081107795,40.768212114019455,45.05096751060833,50.72086246762382,0,0,0,0
38.44533527216869,40.762076190867916,45.05710343375987,50.72086246762382,0,0,0,0
38.47601488792641,40.792755806625635,45.08778304951758,50.74540616022998,0,0,0,0
38.49442265738104,40.74366842141329,45.01415197169907,50.696318775017644,0,0,0,0
38.48215081107795,40.74366842141329,45.06937528006296,50.690182851866105,0,0,0,0
38.476014887926404,40.749804344564836,45.09391897266913,50.67177508241147,0,0,0,0
38.50055858053257,40.774348037171,45.06323935691142,50.67791100556302,0,0,0,0
38.49442265738103,40.76207619086792,45.08164712636604,50.72699839077536,0,0,0,0
38.4760148879264,40.78661988347409,45.06937528006296,50.7331343139269,0,0,0,0
38.48215081107794,40.78048396032255,45.00801604854753,50.745406160229976,0,0,0,0
38.476014887926404,40.78661988347409,45.05096751060833,50.81903723804849,0,0,0,0
38.46374304162332,40.76821211401946,45.05710343375987,50.8067653917454,0,0,0,0
38.45760711847177,40.774348037171,45.06937528006296,50.782221699139235,0,0,0,0
38.46987896477486,40.76207619086792,45.0755112032145,50.77608577598769,0,0,0,0
38.46374304162332,40.75594026771638,45.0755112032145,50.71472654447226,0,0,0,0
38.46374304162332,40.786619883474096,45.08164712636604,50.70245469816918,0,0,0,0
38.45760711847177,40.79275580662564,45.08778304951758,50.77608577598769,0,0,0,0
38.45760711847177,40.76821211401947,45.06937528006296,50.75154208338152,0,0,0,0
38.445335272168684,40.786619883474096,45.06323935691142,50.739270237078436,0,0,0,0
38.45760711847177,40.786619883474096,45.0755112032145,50.68404692871455,0,0,0,0
38.476014887926404,40.80502765292872,45.0755112032145,50.63495954350221,0,0,0,0
38.48828673422949,40.74980434456484,45.06937528006296,50.67791100556301,0,0,0,0
38.49442265738104,40.79889172977718,45.08778304951758,50.659503236108385,0,0,0,0
38.48828673422949,40.74980434456484,45.08164712636604,50.6901828518661,0,0,0,0
38.469878964774864,40.79275580662564,45.0325597411537,50.65336731295684,0,0,0,0
38.48828673422949,40.79889172977718,45.081647126366036,50.64109546665375,0,0,0,0
38.463743041623324,40.77434803717101,45.04483158745678,50.64109546665375,0,0,0,0
38.469878964774864,40.77434803717101,45.03255974115369,50.69631877501764,0,0,0,0
38.463743041623324,40.81116357608027,45.093918972669115,50.671775082411465,0,0,0,0
38.45760711847178,40.81729949923181,45.07551120321448,50.708590621320724,0,0,0,0
38.44533527216869,40.81116357608027,45.08164712636603,50.70245469816918,0,0,0,0
38.469878964774864,40.780483960322556,45.05096751060832,50.81290131489695,0,0,0,0
38.45147119532024,40.79889172977718,45.093918972669115,50.72086246762381,0,0,0,0
38.44533527216869,40.79275580662564,45.08164712636603,50.72086246762381,0,0,0,0
38.43919934901715,40.79275580662564,45.08164712636603,50.659503236108385,0,0,0,0
38.45147119532024,40.77434803717101,45.08164712636603,50.671775082411465,0,0,0,0
38.45147119532024,40.79275580662564,45.093918972669115,50.6901828518661,0,0,0,0
38.45760711847178,40.76821211401947,45.07551120321448,50.70245469816918,0,0,0,0
38.463743041623324,40.79275580662564,45.093918972669115,50.7331343139269,0,0,0,0
38.463743041623324,40.77434803717101,45.093918972669115,50.7331343139269,0,0,0,0
38.45147119532024,40.79275580662564,45.08164712636603,50.67791100556302,0,0,0,0
38.463743041623324,40.75594026771638,45.07551120321448,50.62268769719913,0,0,0,0
38.463743041623324,40.75594026771638,45.057103433759856,50.62268769719913,0,0,0,0
38.45147119532024,40.76821211401947,45.08778304951757,50.67177508241147,0,0,0,0
38.44533527216869,40.7436684214133,45.07551120321448,50.66563915925993,0,0,0,0
38.43919934901715,40.76821211401947,45.08778304951757,50.71472654447227,0,0,0,0
38.45147119532024,40.75594026771638,45.04483158745677,50.769949852836156,0,0,0,0
38.44533527216869,40.74980434456484,45.093918972669115,50.66563915925993,0,0,0,0
38.44533527216869,40.74980434456484,45.093918972669115,50.653367312956846,0,0,0,0
38.45147119532024,40.77434803717101,45.07551120321448,50.67791100556302,0,0,0,0
38.44533527216869,40.74980434456484,45.08778304951757,50.812901314896955,0,0,0,0
38.44533527216869,40.7436684214133,45.08778304951757,50.812901314896955,0,0,0,0
38.426927502714065,40.7436684214133,45.136870434729914,50.941755701079344,0,0,0,0
38.40238381010789,40.74980434456484,45.15527820418454,50.92334793162472,0,0,0,0
38.42079157956252,40.73753249826176,45.15527820418454,50.89880423901855,0,0,0,0
38.433063425865605,40.73753249826176,45.15527820418454,50.78222169913924,0,0,0,0
38.46374304162332,40.73753249826176,45.136870434729914,50.73927023707844,0,0,0,0
38.445335272168684,40.73139657511021,45.13073451157837,50.67177508241147,0,0,0,0
38.42692750271406,40.74980434456484,45.149142281032994,50.72699839077536,0,0,0,0
38.45147119532023,40.706852882504045,45.12459858842683,50.763813929684616,0,0,0,0
38.433063425865605,40.73139657511021,45.13073451157837,50.65950323610839,0,0,0,0
38.433063425865605,40.7436684214133,45.17368597363917,50.66563915925993,0,0,0,0
38.42692750271406,40.74980434456484,45.11232674212374,50.55519254253217,0,0,0,0
38.42692750271406,40.823435422383355,45.08778304951757,50.47542554156211,0,0,0,0
38.42692750271406,40.81729949923181,45.00801604854752,50.54292069622908,0,0,0,0
38.42692750271406,40.85411503814107,44.96506458648672,50.48156146471366,0,0,0,0
38.42079157956252,40.89093057705032,44.977336432789805,50.4876973878652,0,0,0,0
38.42692750271406,40.87865873074723,44.983472355941345,50.530648849925996,0,0,0,0
38.41465565641097,40.86638688444415,45.00188012539597,50.530648849925996,0,0,0,0
38.45147119532023,40.79275580662564,45.026423818002144,50.46928961841057,0,0,0,0
38.4760148879264,40.76207619086793,44.983472355941345,50.371114847985886,0,0,0,0
38.48215081107794,40.743668421413304,45.057103433759856,50.34657115537972,0,0,0,0
38.476014887926404,40.737532498261764,45.1061908189722,50.248396384955036,0,0,0,0
38.48828673422949,40.71298880565559,45.14300635788146,50.22998861550041,0,0,0,0
38.48828673422949,40.71912472880714,45.22277335885151,50.22998861550041,0,0,0,0
38.48215081107795,40.694581036200965,45.204365589396886,50.27907600071275,0,0,0,0
38.48828673422949,40.67003734359479,45.18595781994226,50.35270707853126,0,0,0,0
38.50055858053258,40.70685288250405,45.173685973639174,50.48156146471366,0,0,0,0
38.50055858053258,40.68230918989788,45.136870434729914,50.414066310046685,0,0,0,0
38.50669450368412,40.66390142044325,45.11232674212374,50.340435232228174,0,0,0,0
38.53123819629029,40.694581036200965,45.15527820418454,50.39565854059206,0,0,0,0
38.5189663499872,40.694581036200965,45.149142281032994,50.42633815634977,0,0,0,0
38.549645965744915,40.71912472880714,45.136870434729914,50.42020223319823,0,0,0,0
38.51283042683566,40.74980434456485,45.093918972669115,50.48156146471366,0,0,0,0
38.51283042683566,40.79275580662565,45.03869566430523,50.43861000265286,0,0,0,0
38.51283042683566,40.76207619086793,45.00188012539598,50.62268769719913,0,0,0,0
38.48215081107795,40.7866198834741,44.958928663335186,50.71472654447227,0,0,0,0
38.469878964774864,40.82343542238336,44.9037053549713,50.72086246762382,0,0,0,0
38.463743041623324,40.80502765292873,44.971200509638265,50.64109546665376,0,0,0,0
38.43919934901715,40.82343542238336,45.014151971699064,50.39565854059206,0,0,0,0
38.41465565641098,40.80502765292873,45.130734511578375,50.35270707853126,0,0,0,0
38.420791579562525,40.72526065195868,45.204365589396886,50.524512926774456,0,0,0,0
38.476014887926404,40.694581036200965,45.18595781994226,50.75154208338153,0,0,0,0
38.50055858053257,40.62708588153399,45.13687043472992,50.83130908435158,0,0,0,0
38.56805373519954,40.590270342624734,45.00801604854753,50.92334793162472,0,0,0,0
38.57418965835108,40.590270342624734,44.89143350866822,50.83130908435158,0,0,0,0
38.62327704356342,40.63322180468553,44.86075389291051,50.82517316120004,0,0,0,0
38.62327704356342,40.657765497291706,44.86075389291051,50.65950323610839,0,0,0,0
38.64168481301805,40.64549365098862,44.88529758551668,50.457017772107484,0,0,0,0
38.629412966714966,40.706852882504045,44.90984127812285,50.291347847015835,0,0,0,0
38.598733350957254,40.712988805655584,44.95279274018365,50.20544492289424,0,0,0,0
38.57418965835108,40.712988805655584,44.989608279092906,50.168629383984985,0,0,0,0
38.512830426835656,40.7007169593525,45.032559741153705,50.174765307136525,0,0,0,0
38.46374304162332,40.68844511304942,45.05096751060833,50.11954199877265,0,0,0,0
38.40851973325943,40.67617326674633,45.08164712636604,50.18703715343961,0,0,0,0
38.390111963804806,40.65162957414016,45.12459858842684,50.26680415440966,0,0,0,0
38.36556827119863,40.657765497291706,45.12459858842684,50.37725077113743,0,0,0,0
38.35329642489555,40.670037343594785,45.18595781994227,50.43247407950131,0,0,0,0
38.37170419435018,40.69458103620096,45.228909282003066,50.463153695259024,0,0,0,0
38.42079157956252,40.73753249826176,45.25958889776078,50.573600311986795,0,0,0,0
38.41465565641097,40.76207619086792,45.27186074406386,50.50610515731982,0,0,0,0
38.41465565641097,40.79889172977718,45.30254035982158,50.579736235138334,0,0,0,0
38.402383810107885,40.823435422383355,45.24731705145769,50.579736235138334,0,0,0,0
38.42692750271405,40.829571345534895,45.228909282003066,50.573600311986795,0,0,0,0
38.39624788695634,40.835707268686434,45.271860744063865,50.59814400459296,0,0,0,0
38.39624788695634,40.84184319183798,45.25958889776078,50.59200808144142,0,0,0,0
38.347160501744,40.76207619086792,45.167550050487634,50.54905661938062,0,0,0,0
38.365568271198626,40.780483960322556,45.155278204184555,50.530648849925996,0,0,0,0
38.4330634258656,40.87865873074723,45.22277335885152,50.67791100556302,0,0,0,0
38.488286734229476,40.88479465389878,45.29026851351849,50.74540616022998,0,0,0,0
38.50055858053256,40.89093057705032,45.284132590366944,50.763813929684616,0,0,0,0
38.525102273138735,40.89093057705032,45.30254035982158,50.84971685380621,0,0,0,0
38.531238196290275,40.909338346504946,45.30254035982158,50.84971685380621,0,0,0,0
38.531238196290275,40.89706650020186,45.27186074406386,50.90494016217009,0,0,0,0
38.56191781204799,40.90933834650494,45.31481220612466,50.978571239988604,0,0,0,0
38.568053735199534,40.915474269656485,45.284132590366944,50.98470716314014,0,0,0,0
38.5496459657449,40.89093057705031,45.228909282003066,51.0215227020494,0,0,0,0
38.51896634998719,40.872522807595686,45.17982189679072,50.99697900944323,0,0,0,0
38.47601488792639,40.78048396032255,45.10005489582067,50.96629939368552,0,0,0,0
38.420791579562504,40.749804344564836,45.05710343375987,50.91107608532163,0,0,0,0
38.383976040653245,40.774348037171,45.05710343375987,50.84358093065467,0,0,0,0
38.40238381010788,40.792755806625635,45.08164712636604,50.84358093065467,0,0,0,0
38.408519733259425,40.805027652928715,45.112326742123756,50.90494016217009,0,0,0,0
38.408519733259425,40.8172994992318,45.10005489582067,50.812901314896955,0,0,0,0
38.451471195320224,40.82957134553489,45.09391897266913,50.83130908435158,0,0,0,0
38.46374304162331,40.81116357608026,45.112326742123756,50.75767800653307,0,0,0,0
38.45760711847176,40.805027652928715,45.044831587456784,50.74540616022998,0,0,0,0
38.451471195320224,40.81116357608026,45.09391897266913,50.690182851866105,0,0,0,0
38.451471195320224,40.798891729777175,45.09391897266913,50.653367312956846,0,0,0,0
38.451471195320224,40.76207619086792,45.02642381800216,50.60427992774451,0,0,0,0
38.451471195320224,40.74366842141329,45.08164712636604,50.56746438883525,0,0,0,0
38.414655656410964,40.7313965751102,45.06323935691142,50.51837700362291,0,0,0,0
38.39624788695634,40.70685288250404,45.06937528006296,50.54292069622908,0,0,0,0
38.3901119638048,40.71298880565558,45.05710343375987,50.55519254253217,0,0,0,0
38.37170419435017,40.70071695935249,45.05710343375987,50.51837700362291,0,0,0,0
38.37170419435017,40.68844511304941,45.06323935691142,50.49383331101674,0,0,0,0
38.35329642489555,40.676173266746325,45.038695664305244,50.450881848955945,0,0,0,0
38.34716050174401,40.67003734359478,45.0325597411537,50.450881848955945,0,0,0,0
38.35329642489555,40.69458103620095,45.02642381800216,50.46928961841057,0,0,0,0
38.35943234804709,40.719124728807124,45.06937528006296,50.49383331101674,0,0,0,0
38.396247886956345,40.719124728807124,45.08164712636604,50.54905661938062,0,0,0,0
38.46374304162332,40.805027652928715,45.161414127336094,50.66563915925993,0,0,0,0
38.53737411944183,40.8172994992318,45.161414127336094,50.62882362035068,0,0,0,0
38.518966349987195,40.82343542238335,45.17368597363918,50.62268769719913,0,0,0,0
38.555781888896455,40.85411503814106,45.17982189679072,50.67791100556302,0,0,0,0
38.56805373519954,40.878658730747226,45.21663743569998,50.72086246762382,0,0,0,0
38.58032558150262,40.89706650020185,45.21663743569998,50.74540616022998,0,0,0,0
38.60486927410879,40.897066500201845,45.241181128306145,50.75767800653307,0,0,0,0
38.61714112041188,40.91547426965647,45.228909282003066,50.75767800653307,0,0,0,0
38.62327704356342,40.92774611595956,45.235045205154606,50.72699839077536,0,0,0,0
38.64168481301805,40.92161019280801,45.25958889776078,50.769949852836156,0,0,0,0
38.684636275078844,40.94615388541418,45.25958889776078,50.79449354544233,0,0,0,0
38.72758773713964,40.976833501171896,45.29026851351849,50.79449354544233,0,0,0,0
38.7644032760489,41.00137719377807,45.31481220612466,50.83130908435158,0,0,0,0
38.807354738109694,41.032056809535774,45.3209481292762,50.819037238048494,0,0,0,0
38.887121739079745,41.08114419474812,45.351627745033916,50.83744500750312,0,0,0,0
38.96075281689826,41.12409565680892,45.437530669155514,50.88039646956392,0,0,0,0
39.04051981786831,41.17318304202126,45.468210284913226,50.95402754738243,0,0,0,0
39.13869458829299,41.216134504082056,45.523433593277105,51.009250855746316,0,0,0,0
39.22459751241458,41.28976558190057,45.597064671095616,51.08288193356483,0,0,0,0
39.335044129142354,41.36953258287062,45.68910351836875,51.181056703989505,0,0,0,0
39.43935482271858,41.461571430143756,45.762734596187265,51.291503320717275,0,0,0,0
39.5436655162948,41.553610277416894,45.83022975085424,51.35899847538424,0,0,0,0
39.63570436356794,41.60269766262924,45.928404521278914,51.463309168960464,0,0,0,0
39.71547136453799,41.70087243305392,45.98976375279434,51.48171693841509,0,0,0,0
39.819782058114214,41.76836758772089,46.08793852321902,51.5553480162336,0,0,0,0
39.95477236744815,41.87881420444865,46.241336602007586,51.696474248719085,0,0,0,0
40.077490830479,42.00766859063105,46.400870603947695,51.85600825065919,0,0,0,0
40.249296678722196,42.11811520735881,46.523589066978545,51.95418302108387,0,0,0,0
40.40269475751076,42.265377362995835,46.70153083837328,52.12598886932706,0,0,0,0
40.52541322054161,42.3758239797236,46.91015222552573,52.24257140920637,0,0,0,0
40.70949091508788,42.510814289057535,47.01446291910195,52.37142579538877,0,0,0,0
40.83834530127028,42.63966867523993,47.327394999830624,52.543231643631955,0,0,0,0
41.01015114951347,42.799202677180034,47.529880463831525,52.69662972242052,0,0,0,0
41.21263661351438,43.01395998748403,47.78145331304477,52.92979480217914,0,0,0,0
41.43352984696991,43.25326099039419,48.051433931712644,53.144552112483126,0,0,0,0
41.65442308042544,43.517105685910515,48.364366012441316,53.34090165333249,0,0,0,0
41.91213185279023,43.793222227729935,48.63434663110919,53.543387117333396,0,0,0,0
42.182112471458105,44.1061543084586,48.9104631729286,53.831775505455894,0,0,0,0
42.48277270588369,44.4374941586419,49.1988515610511,54.064940585214515,0,0,0,0
42.8018407097639,44.79337770143136,49.413608871355095,54.267426049215416,0,0,0,0
43.08409317473486,45.173804936827004,49.72654095208376,54.58035812994409,0,0,0,0
43.48292817958512,45.60331955743498,49.978113801297,54.88101836436967,0,0,0,0
43.86335541498077,46.020562331739875,50.23582257366179,55.193950445098345,0,0,0,0
44.23151080407332,46.36417402822626,50.43830803766269,55.549833987887816,0,0,0,0
44.673297270984385,46.79982457198578,50.751240118391365,55.838222376010314,0,0,0,0
45.09054004528927,47.17411588422988,51.00894889075615,56.280008842921376,0,0,0,0
45.57527797426114,47.59749458168631,51.3034732020302,56.76474677189324,0,0,0,0
45.961841132808324,48.020873279142755,51.73298782263817,57.323115778683615,0,0,0,0
46.40976352287093,48.39516459138685,52.156366520094615,57.78331001504931,0,0,0,0
46.75337521935731,48.77559182678249,52.65337629536956,58.29259163662734,0,0,0,0
47.121530608449866,49.13147536957196,53.15038607064451,58.74664994984149,0,0,0,0
47.526501536451676,49.505766681816056,53.67807546167717,59.01663056850936,0,0,0,0
47.8762491560896,49.86165022460552,54.175085236952114,59.38478595760191,0,0,0,0
48.2075890062729,50.229805613698076,54.65982316592398,59.7283976540883,0,0,0,0
48.5389288564562,50.6654561574576,55.11388147913813,60.176320044150906,0,0,0,0
48.86413278348795,50.94770862242856,55.4697650219276,60.48311620172804,0,0,0,0
49.18933671051971,51.37722324303653,55.86246410362632,60.82672789821442,0,0,0,0
49.45318140603604,51.65947570800749,56.0894932602334,61.12125220948846,0,0,0,0
49.735433871007,51.96013594243308,56.3349301862951,61.37282505870171,0,0,0,0
49.97473487391716,52.21784471479786,56.57423118920526,61.507815368035644,0,0,0,0
50.256987338888116,52.55532048813271,56.81353219211542,61.814611525612776,0,0,0,0
50.59446311222296,52.84984479940675,56.99147396351015,62.02323291276522,0,0,0,0
50.901259269800086,53.089145802316914,57.23691088957185,62.34843683979698,0,0,0,0
51.2203272736803,53.414349729348665,57.4025808146635,62.569330073252516,0,0,0,0
51.44735643028737,53.647514809107285,57.586658509209784,62.9129417697389,0,0,0,0
51.7112011258037,53.8806798888659,57.789143973210685,63.20746608101294,0,0,0,0
52.12844390010859,54.13838866123069,57.93027020569617,63.48358262283236,0,0,0,0
52.35547305671567,54.35314597153468,58.194114901212494,63.784242857257944,0,0,0,0
52.63158959853508,54.64153435965718,58.427279980971115,64.05422347592582,0,0,0,0
52.98133721817301,54.91151497832505,58.740212061699786,64.3671555566545,0,0,0,0
53.34335668411402,55.22444705905372,59.034736372973825,64.66781579108009,0,0,0,0
53.70537615005503,55.580330601843194,59.433571377824094,64.96847602550568,0,0,0,0
54.08580338545067,55.93007822148112,59.869221921583616,65.23232072102202,0,0,0,0
54.404871389330886,56.2736899179675,60.280328772736965,65.5023013396899,0,0,0,0
54.80370639418115,56.660253076514685,60.64848416182952,65.79068972781239,0,0,0,0
55.19640547587987,57.022272542455696,61.035047320376705,66.0668062696318,0,0,0,0
55.46638609454775,57.427243470457505,61.41547455577234,66.4410975818759,0,0,0,0
55.84681332994339,57.783127013246975,61.82658140692569,66.70494227739223,0,0,0,0
56.28246387370291,58.15741832549107,62.15178533395745,67.00560251181783,0,0,0,0
56.60766780073467,58.47035040621974,62.569028108262344,67.30012682309187,0,0,0,0
57.03718242134264,58.832369872160754,62.87582426583947,67.67441813533597,0,0,0,0
57.47896888825371,59.22506895385948,63.26238742438665,67.8953113687915,0,0,0,0
57.95757089407403,59.58708841980049,63.59372727456995,68.25119491158097,0,0,0,0
58.36254182207584,59.9061564236807,63.91893120160171,68.52117553024884,0,0,0,0
58.74910498062302,60.21295258125783,64.23186328233038,68.77274837946209,0,0,0,0
59.111124446564034,60.48906912307724,64.56320313251368,69.02432122867533,0,0,0,0
59.46087206620196,60.83881674271517,64.90067890584852,69.31270961679783,0,0,0,0
59.792211916385256,61.06584589932224,65.18293137081947,69.55201061970799,0,0,0,0
60.117415843417014,61.37877798005091,65.47745568209352,69.7851756994666,0,0,0,0
60.44875569360031,61.65489452187033,65.87015476379224,70.0858359338922,0,0,0,0
60.835318852147495,62.010778064659796,66.20763053712709,70.39876801462086,0,0,0,0
61.14825093287616,62.44029268526778,66.58192184937118,70.64420494068257,0,0,0,0
61.51027039881718,62.851399536421134,66.95621316161528,70.9510010982597,0,0,0,0
61.8170665563943,63.2072830792106,67.29368893495013,71.14735063910905,0,0,0,0
62.246581177002284,63.698156931334005,67.66798024719421,71.42960310408002,0,0,0,0
62.60246471979175,64.19516670660894,68.0422715594383,71.76094295426331,0,0,0,0
63.087202648763615,64.64922501982309,68.44724248744012,72.08614688129506,0,0,0,0
63.51058134622005,65.14009887194649,68.84607749229039,72.3929430388722,0,0,0,0
63.94009596682803,65.60029310831219,69.22036880453449,72.78564212057093,0,0,0,0
64.36347466428447,66.02367180576863,69.57625234732396,73.227428587482,0,0,0,0
64.83594074695324,66.47773011898278,69.91986404381035,73.56490436081684,0,0,0,0
65.13046505822729,66.82134181546917,70.20825243193285,73.99441898142481,0,0,0,0
65.51702821677448,67.14040981934937,70.55800005157077,74.39938990942662,0,0,0,0
65.8790476827155,67.56378851680581,70.87093213229944,74.83504045318614,0,0,0,0
66.27788268756576,67.80922544286751,71.26976713714971,75.21546768858178,0,0,0,0
66.69512546187066,68.17738083196006,71.63792252624226,75.6511182323413,0,0,0,0
67.0326012352055,68.58848768311341,72.01221383848636,76.05608916034312,0,0,0,0
67.41302847060115,68.83392460917511,72.49081584430668,76.50401155040572,0,0,0,0
67.83640716805758,69.23275961402538,72.93260231121775,76.82307955428594,0,0,0,0
68.1984266339986,69.5518276179056,73.30689362346185,77.19737086653004,0,0,0,0
68.54203833048497,69.93839077645278,73.6627771662513,77.49803110095561,0,0,0,0
68.95928110478987,70.26973062663608,74.0063888627377,77.74960395016886,0,0,0,0
69.29675687812471,70.59493455366783,74.3254568666179,78.08094380035216,0,0,0,0
69.69559188297498,71.0367210205789,74.68134040940737,78.35706034217158,0,0,0,0
70.09442688782525,71.34965310130757,74.97586472068141,78.5779535756271,0,0,0,0
70.45644635376627,71.75462402930938,75.25198126250082,78.88474973320425,0,0,0,0
70.76324251134339,71.98165318591646,75.52196188116869,79.10564296665977,0,0,0,0
71.1252619772844,72.49093480749448,75.86557357765508,79.38789543163074,0,0,0,0
71.41978628855844,72.90817758179938,76.16009788892913,79.71923528181404,0,0,0,0
71.83089313971179,73.2701970477404,76.42394258444546,80.05057513199733,0,0,0,0
72.0763300657735,73.5892650516206,76.68165135681025,80.36964313587754,0,0,0,0
72.4076699159568,73.92674082495544,76.95776789862965,80.70711890921238,0,0,0,0
72.74514568929163,74.30103213719954,77.26456405620678,80.95255583527408,0,0,0,0
73.04580592371723,74.59555644847359,77.52840875172312,81.3452549169728,0,0,0,0
73.36487392759744,74.95143999126306,77.89042821766412,81.70113845976228,0,0,0,0
73.67167008517457,75.34413907296178,78.18495252893817,82.08770161830947,0,0,0,0
73.99687401220632,75.64479930738737,78.55310791803072,82.4681288537051,0,0,0,0
74.34662163184424,75.98227508072222,78.82308853669859,82.87923570485846,0,0,0,0
74.75772848299759,76.33202270036014,79.28328277306429,83.20443963189021,0,0,0,0
75.11361202578706,76.66336255054344,79.60848670009605,83.51123578946734,0,0,0,0
75.51858295378887,77.03151793963599,79.94596247343088,83.84257563965063,0,0,0,0
75.95423349754839,77.28922671200078,80.3509334014327,84.16164364353085,0,0,0,0
76.402155887611,77.66965394739641,80.74363248313142,84.49298349371415,0,0,0,0
76.81326273876435,77.9273627197612,81.09951602592088,84.79364372813973,0,0,0,0
77.14460258894765,78.32619772461148,81.44926364555882,85.14952727092921,0,0,0,0
77.57411720955562,78.65140165164323,81.84809865040907,85.52381858317331,0,0,0,0
77.93613667549664,79.01342111758424,82.35738027198711,85.83061474075043,0,0,0,0
78.33497168034691,79.40612019928297,82.78075896944354,86.23558566875225,0,0,0,0
78.77062222410643,79.76813966522397,83.16732212799073,86.51783813372322,0,0,0,0
79.1694572289567,80.15470282377116,83.56002120968945,86.88599352281577,0,0,0,0
79.56829223380696,80.43695528874211,83.94658436823663,87.27869260451449,0,0,0,0
79.9487194692026,80.87874175565318,84.40064268145078,87.67752760936476,0,0,0,0
80.26165154993127,81.33893599201888,84.81174953260414,88.10704222997273,0,0,0,0
80.63594286217537,81.78685838208149,85.19831269115132,88.55496462003535,0,0,0,0
81.13295263745032,82.30227592681106,85.69532246642626,88.9660714711887,0,0,0,0
81.51337987284596,82.76247016317676,86.08188562497344,89.37104239919051,0,0,0,0
81.99811780181781,83.14289739857239,86.48685655297525,89.74533371143461,0,0,0,0
82.42149649927426,83.56627609602883,86.86114786521935,90.06440171531482,0,0,0,0
82.85101111988223,83.93443148512138,87.23543917746343,90.4080134118012,0,0,0,0
83.32961312570255,84.37621795203245,87.603594566556,90.80071249349993,0,0,0,0
83.76526366946207,84.78118888003425,88.16809949649792,91.20568342150173,0,0,0,0
84.29295306049472,85.24751903955149,88.59147819395434,91.57997473374583,0,0,0,0
84.66110844958729,85.62794627494713,89.05167243032004,91.98494566174763,0,0,0,0
85.09675899334681,86.04518904925203,89.51800258983728,92.48195543702258,0,0,0,0
85.55081730656096,86.53606290137543,89.97819682620296,92.89919821132747,0,0,0,0
85.99260377347203,86.9348979062257,90.42611921626558,93.39620798660242,0,0,0,0
86.44052616353463,87.40122806574294,90.88631345263127,93.79504299145269,0,0,0,0
86.79027378317255,87.95346114938177,91.33423584269387,94.34727607509151,0,0,0,0
87.11547771020432,88.45047092465671,91.76375046330185,94.8933732355788,0,0,0,0
87.52044863820612,88.87384962211316,92.18099323760674,95.5253733201877,0,0,0,0
87.85792441154096,89.33404385847885,92.51233308779004,95.94875201764413,0,0,0,0
88.17699241542118,89.8187817874507,92.88662440003414,96.42121810031291,0,0,0,0
88.6126429591807,90.22988863860407,93.19342055761128,96.87527641352706,0,0,0,0
88.91943911675783,90.61645179715124,93.60452740876462,97.34774249619583,0,0,0,0
89.28145858269885,91.03983049460768,93.89905172003867,97.73430565474303,0,0,0,0
89.7661965116707,91.34049072903326,94.31015857119202,98.1331406595933,0,0,0,0
90.04231305349012,91.65955873291348,94.59854695931452,98.47675235607967,0,0,0,0
90.39206067312804,92.03998596830913,95.04033342622559,98.79582035995989,0,0,0,0
90.71112867700826,92.3406462027347,95.37780919956043,99.13329613329473,0,0,0,0
91.14677922076778,92.62289866770566,95.75210051180453,99.48304375293266,0,0,0,0
91.52720645616343,92.91128705582817,96.0527607462301,99.66712144747893,0,0,0,0
91.76650745907358,93.02786959570747,96.37796467326187,99.78983991050978,0,0,0,0
91.99353661568065,93.23649098285992,96.66021713823282,100.05368460602611,0,0,0,0
92.35555608162167,93.58623860249784,96.9731492189615,100.25617007002701,0,0,0,0
92.66848816235034,93.78872406649874,97.38425607011484,100.60591768966495,0,0,0,0
92.96301247362437,94.0280250694089,97.68491630454044,100.8452186925751,0,0,0,0
93.22685716914071,94.39618045850146,97.96716876951139,101.0906556186368,0,0,0,0
93.4845659415055,94.54344261413848,98.37827562066474,101.40972362251702,0,0,0,0
93.69318732865794,94.88705431062488,98.56848923836256,101.71038385694261,0,0,0,0
94.08588641035666,95.13862715983812,99.04709124418288,102.12149070809596,0,0,0,0
94.50926510781312,95.54359808783992,99.48887771109395,102.57554902131011,0,0,0,0
94.83446903484487,96.05287970941797,100.21905256612752,103.00506364191808,0,0,0,0
95.29466327121057,96.93645264324009,100.56266426261391,103.55116080240538,0,0,0,0
95.64441089084849,97.53163718893973,100.88786818964566,103.94385988410409,0,0,0,0
96.18437212818424,98.16977319670015,101.51986827425455,104.33655896580282,0,0,0,0
96.70592559606536,98.86313251282446,102.1027809736511,104.8397046642293,0,0,0,0
97.42996452794738,99.33559859549324,102.5507033637137,105.22013189962495,0,0,0,0
97.98833353473775,99.69761806143424,102.92499467595779,105.48397659514127,0,0,0,0
98.43625592480035,100.04736568107216,103.46495591329354,105.6741902128391,0,0,0,0
98.7921394675898,100.24371522192153,103.62448991523364,105.99939413987086,0,0,0,0
99.19711039559162,100.57505507210483,104.10309192105396,106.18960775756867,0,0,0,0
99.49163470686567,100.81435607501498,104.43443177123726,106.50867576144888,0,0,0,0
99.79229494129125,101.12728815574366,104.6982764667536,106.75411268751058,0,0,0,0
100.09909109886837,101.37272508180536,105.04802408639152,107.03636515248155,0,0,0,0
100.48565425741555,101.6365697773217,105.33641247451402,107.33702538690713,0,0,0,0
100.63905233620412,101.81451154871644,105.61866493948497,107.51496715830187,0,0,0,0
101.12992618832752,102.08449216738431,105.91932517391055,108.04265654933452,0,0,0,0
101.29559611341917,102.46491940277996,106.29361648615465,108.31877309115394,0,0,0,0
101.54103303948088,102.73490002144783,106.61268449003487,108.81578286642889,0,0,0,0
102.06872243051353,102.99260879381261,106.99924764858204,109.55209364461399,0,0,0,0
102.81116913185018,103.4528030301783,107.30604380615918,110.05523934304048,0,0,0,0
103.22841190615507,103.92526911284708,107.68033511840328,110.71178312025553,0,0,0,0
103.69474206567232,104.42841481127357,108.03621866119275,111.38059874377367,0,0,0,0
104.28379068822039,105.05427897273091,108.46573328180074,111.84079298013937,0,0,0,0
104.78693638664689,105.70468682679443,108.96274305707568,112.35621052486894,0,0,0,0
105.25326654616413,106.25691991043325,109.31862659986515,112.81640476123464,0,0,0,0
105.77482001404525,106.72325006995048,109.58247129538148,113.28273492075186,0,0,0,0
106.22274240410785,107.22025984522543,110.018121839141,113.59566700148054,0,0,0,0
106.56021817744269,107.6497744658334,110.41695684399127,113.9638223905731,0,0,0,0
106.90382987392908,107.99952208547134,110.7237530015684,114.2951622407564,0,0,0,0
107.31493672508243,108.37994932086697,111.04282100544862,114.47310401215113,0,0,0,0
107.4253833418102,108.47198816814011,111.38029677878345,114.86580309384985,0,0,0,0
107.79353873090275,108.71128917105027,111.74231624472446,115.39349248488251,0,0,0,0
108.02670381066137,109.36783294826533,112.16569494218089,115.78619156658124,0,0,0,0
108.30282035248078,109.58259025856931,112.6565687943043,116.12980326306761,0,0,0,0
108.64029612581562,110.00596895602575,113.14130672327616,116.59613342258484,0,0,0,0
108.83050974351345,110.39866803772448,113.6505883448542,117.14223058307213,0,0,0,0
109.43183021236462,110.96930889081794,114.2580447368569,117.47357043325543,0,0,0,0
109.93497591079111,111.41723128088054,114.79800597419265,117.9030850538634,0,0,0,0
110.51788861018765,112.20262944427799,115.30115167261914,118.29578413556214,0,0,0,0
111.02717023176568,112.30694013785421,115.75520998583329,118.63939583204854,0,0,0,0
111.53645185334372,112.59532852597671,116.22767606850208,118.92164829701949,0,0,0,0
112.22367524631649,113.33163930416181,116.58355961129153,119.33275514817285,0,0,0,0
112.67773355953064,113.69365877010283,116.9517150003841,119.66409499835615,0,0,0,0
113.00293748656239,114.09862969810463,117.25237523480968,119.97089115593327,0,0,0,0
113.46926764607963,114.42383362513638,117.51621993032602,120.2040562356919,0,0,0,0
113.97854926765767,114.68154239750116,117.76779277953925,120.54766793217827,0,0,0,0
114.09513180753697,115.00061040138138,118.05618116766176,120.87900778236157,0,0,0,0
114.45101535032644,115.3196784052616,118.307754016875,121.21034763254487,0,0,0,0
114.71486004584277,115.70624156380877,118.66977348281603,121.56009525218279,0,0,0,0
115.20573389796618,116.15416395387139,118.85998710051383,121.90984287182071,0,0,0,0
115.59229705651336,116.63276595969171,119.25268618221256,122.08164872006391,0,0,0,0
115.91750098354511,116.79843588478336,119.52880272403198,122.57252257218732,0,0,0,0
116.41451075882006,117.30771750636139,119.87241442051837,122.92227019182525,0,0,0,0
116.91765645724655,117.57156220187771,120.16080280864087,123.32110519667552,0,0,0,0
117.27967592318757,118.09925159291038,120.55350189033959,123.79970720249584,0,0,0,0
117.80122939106869,118.69443613861,120.95847281834139,124.18627036104301,0,0,0,0
118.07121000973656,119.00736821933867,121.43093890101018,124.58510536589328,0,0,0,0
118.50072463034454,119.36325176212814,121.89113313737586,124.87349375401578,0,0,0,0
118.81979263422475,119.84185376794845,122.33905552743848,125.25392098941143,0,0,0,0
118.99159848246794,120.09956254031323,122.59676429980325,125.53617345438238,0,0,0,0
119.26157910113581,120.46771792940578,123.00173522780506,125.84910553511105,0,0,0,0
119.60519079762219,120.79905777958908,123.35761877059453,126.12522207693047,0,0,0,0
119.91812287835086,120.9463199352261,123.70736639023245,126.3890667724468,0,0,0,0
120.19423942017028,121.19789278443935,123.9589392394457,126.70199885317547,0,0,0,0
120.44581226938352,121.34515494007637,124.2043761655074,126.95970762554026,0,0,0,0
120.67897734914214,121.62127148189579,124.46208493787219,127.22355232105659,0,0,0,0
120.88759873629459,121.89738802371521,124.67684224817617,127.48126109342138,0,0,0,0
121.08394827714395,121.97101910153371,124.8977354816317,127.76351355839233,0,0,0,0
121.3355211263572,122.19191233498924,125.24134717811809,128.02735825390866,0,0,0,0
121.60550174502507,122.65210657135493,125.49905595048287,128.34029033463733,0,0,0,0
121.83253090163214,122.73187357232499,125.75676472284766,128.6409505690629,0,0,0,0
122.26204552224011,123.14911634662988,126.10037641933404,128.99683411185237,0,0,0,0
122.41544360102868,123.40682511899467,126.48693957788123,129.3343098851872,0,0,0,0
123.09039514769837,123.87929120166345,126.81827942806453,129.7822322752498,0,0,0,0
123.56286123036715,124.11245628142207,127.1618911245509,130.10743620228158,0,0,0,0
124.23781277703682,124.65855344190936,127.53004651364346,130.48786343767722,0,0,0,0
124.74095847546332,124.65855344190936,127.96569705740299,130.9173780582852,0,0,0,0
125.21956048128364,125.71393222397467,128.4442990632233,131.2609897547716,0,0,0,0
125.74111394916474,126.30298084652276,129.08857099413527,131.75799953004653,0,0,0,0
126.34243441801591,126.73249546713073,129.59171669256176,132.23660153586687,0,0,0,0
126.79035680807853,127.30927224337573,130.09486239098823,132.7336113111418,0,0,0,0
127.31191027595965,127.78173832604452,130.6102799357178,133.2367570095683,0,0,0,0
127.69233751135528,128.32169956338026,131.22387225087206,133.696951245934,0,0,0,0
128.0298132846901,128.94142780168607,131.81292087342015,134.21236879066356,0,0,0,0
128.52682305996504,129.51820457793107,132.27311510978586,134.68483487333233,0,0,0,0
128.9808813731792,130.14406873938842,132.941930733304,135.22479611066808,0,0,0,0
129.4594833789995,130.8374280555127,133.49416381694283,135.86293211842852,0,0,0,0
130.01171646263833,131.54305921794008,134.02185320797548,136.5256118187951,0,0,0,0
130.6682602398534,132.25482630351902,134.672261062039,137.12079636449474,0,0,0,0
131.14072632252217,132.89296231127946,135.15699899101085,137.6300779860728,0,0,0,0
131.6622797904033,133.1874866225535,135.55583399586112,138.0473207603777,0,0,0,0
132.08565848785972,133.58018570425224,135.93626123125676,138.45842761153102,0,0,0,0
132.43540610749764,133.86857409237476,136.21237777307618,138.80817523116895,0,0,0,0
132.6869789567109,134.14469063419415,136.45781469913788,139.13951508135224,0,0,0,0
133.0183188068942,134.46375863807438,136.69711570204805,139.3910879305655,0,0,0,0
133.24534796350127,134.6110207937114,136.93641670495822,139.7101559344457,0,0,0,0
133.51532858216913,134.84418587347002,137.126630322656,139.90650547529506,0,0,0,0
133.6564548146546,134.99144802910703,137.35979540241465,140.14580647820523,0,0,0,0
133.8282606628978,135.23688495516873,137.51932940435475,140.34215601905458,0,0,0,0
134.0246102037472,135.3780111876542,137.76476633041645,140.59372886826785,0,0,0,0
134.23936751405117,135.5620888822005,137.9733877175689,140.7900784091172,0,0,0,0
134.429581131749,135.7338947304437,138.13905764266056,141.0600590277851,0,0,0,0
134.60752290314372,135.8075258082622,138.35381495296454,141.23800079917982,0,0,0,0
134.76705690508382,136.02228311856618,138.53789264751083,141.41594257057454,0,0,0,0
135.00022198484245,136.1388656584455,138.73424218836018,141.6552435734847,0,0,0,0
135.153620063631,136.24317635202172,138.9367276523611,141.87613680694025,0,0,0,0
135.43587252860198,136.36589481505257,139.0839898079981,142.0724863477896,0,0,0,0
135.6015424536936,136.52542881699267,139.27420342569593,142.27497181179052,0,0,0,0
135.85311530290687,136.7279142809936,139.4276015044845,142.55108835360994,0,0,0,0
136.14150369102936,136.85063274402444,139.5994073527277,142.77198158706548,0,0,0,0
136.3623969244849,137.02243859226763,139.8325724324863,142.8885641269448,0,0,0,0
136.56488238848578,137.28628328778396,140.02892197333566,143.1953602845219,0,0,0,0
136.92076593127527,137.44581728972406,140.3234462846097,143.44693313373517,0,0,0,0
137.08029993321537,137.7096619852404,140.5811550569745,143.65555452088762,0,0,0,0
137.4300475528533,137.9980503733629,140.80204829043004,143.8825836774947,0,0,0,0
137.74297963358197,138.2312154531215,141.09657260170408,144.16483614246565,0,0,0,0
137.9331932512798,138.5748271496079,141.44018429819045,144.3734575296181,0,0,0,0
138.23998940885693,138.90003107663966,141.69789307055524,144.71706922610448,0,0,0,0
138.41179525710012,139.2375068499745,141.9494659197685,144.92569061325693,0,0,0,0
138.7860865693442,139.54430300755163,142.20717469213326,145.14658384671245,0,0,0,0
138.9701642638905,139.80814770306796,142.39125238667955,145.30611784865258,0,0,0,0
139.25855265201298,139.97995355131116,142.64896115904435,145.5576906978658,0,0,0,0
139.50398957807468,140.2192545542213,142.77781554522673,145.76631208501826,0,0,0,0
139.67579542631788,140.55673032755615,143.0048447018338,146.00561308792842,0,0,0,0
139.8782808903188,140.61808955907156,143.24414570474397,146.18355485932315,0,0,0,0
140.03167896910736,141.05374010283109,143.47117486135105,146.4903510169003,0,0,0,0
140.21575666365362,141.21941002792275,143.66752440220043,146.61920540308267,0,0,0,0
140.4427858202607,141.64892464853074,143.82092248098897,146.85850640599284,0,0,0,0
140.57777612959464,141.7593712652585,144.11544679226301,147.0548559468422,0,0,0,0
140.8048052862017,141.86368195883472,144.20748563953617,147.28188510344927,0,0,0,0
141.1484169826881,142.262516963685,144.52041772026485,147.5334579526625,0,0,0,0
141.32635875408283,142.5386335055044,144.69222356850804,147.78503080187576,0,0,0,0
141.74973745153926,142.7411189695053,145.02356341869134,148.03046772793746,0,0,0,0
142.09334914802565,143.03564328077934,145.31195180681385,148.3802153475754,0,0,0,0
142.49218415287592,143.32403166890185,145.64942758014868,148.71769112091025,0,0,0,0
143.03214539021167,143.65537151908515,146.02985481554433,149.00607950903273,0,0,0,0
143.4555240876681,144.0664783702385,146.4409616666977,149.46013782224688,0,0,0,0
143.98321347870078,144.49599299084647,146.90729182621493,149.87738059655177,0,0,0,0
144.44340771506646,145.03595422818222,147.60065114233922,150.3253029866144,0,0,0,0
144.9956407987053,145.42865330988096,148.07925314815955,150.7302739146162,0,0,0,0
145.27175734052472,145.79067277582197,148.52717553822217,151.14138076576955,0,0,0,0
145.67672826852652,146.0422456250352,148.8769231578601,151.5095361548621,0,0,0,0
146.0203399650129,146.447216553037,149.25121447010417,151.86541969765156,0,0,0,0
146.16146619749838,146.68038163279564,149.57641839713594,152.0985847774102,0,0,0,0
146.5112138171363,147.09762440710054,149.88321455471308,152.45446832019965,0,0,0,0
146.6707478190764,147.31851764055605,150.11024371132015,152.77353632407988,0,0,0,0
147.0143595155628,147.39214871837459,150.4354476383519,153.01897325014158,0,0,0,0
147.26593236477603,147.99346918722574,150.7974671042929,153.28895386880944,0,0,0,0
147.5788644455047,148.4045760383791,151.11039918502158,153.63870148844737,0,0,0,0
147.90406837253647,148.7236440422593,151.39265164999253,153.88413841450907,0,0,0,0
148.24768006902286,149.0672557387457,151.75467111593355,154.16639087948005,0,0,0,0
148.68333061278238,149.69925582335458,152.07373911981375,154.57136180748185,0,0,0,0
149.1189811565419,150.08581898190175,152.42962266260324,154.8413424261497,0,0,0,0
149.41964139096748,150.6257802192375,152.74869066648344,155.30767258566692,0,0,0,0
149.8246123189693,150.92030453051154,153.0738945935152,155.7065075905172,0,0,0,0
150.14981624600105,151.33754730481644,153.32546744272844,156.01330374809433,0,0,0,0
150.41366094151738,151.60752792348433,153.6506713697602,156.44895429185385,0,0,0,0
150.68364156018527,151.88978038845528,153.8961082958219,156.76188637258252,0,0,0,0
150.8738551778831,152.0922658524562,154.19676853024748,157.15458545428123,0,0,0,0
151.15610764285404,152.30702316276017,154.43606953315765,157.53501268967688,0,0,0,0
151.3647290300065,152.54632416567034,154.61401130455238,157.82953700095092,0,0,0,0
151.57948634031047,152.71813001391354,154.85944823061408,158.1547409279827,0,0,0,0
151.73288441909904,152.8408484769444,155.061933694615,158.51062447077214,0,0,0,0
151.8862824978876,152.98197470942986,155.25214731231281,158.6640225495607,0,0,0,0
152.01513688407,153.09855724930915,155.46076869946526,158.8910517061678,0,0,0,0
152.15012719340393,153.23968348179466,155.63257454770846,159.09967309332023,0,0,0,0
152.29738934904094,153.28263494385544,155.77370078019393,159.27761486471496,0,0,0,0
152.41397188892026,153.3194504827647,155.9577784747402,159.38806148144275,0,0,0,0
152.54282627510267,153.62011071719027,156.0866328609226,159.53532363707976,0,0,0,0
152.65327289183043,153.66306217925109,156.2707105554689,159.56600325283748,0,0,0,0
152.70236027704277,153.6078388708872,156.35047755643893,159.71940133162605,0,0,0,0
152.80053504746743,153.7366932570696,156.49773971207597,159.72553725477758,0,0,0,0
152.84962243267978,153.74896510337268,156.4916037889244,159.79916833259608,0,0,0,0
152.99074866516526,153.93304279791894,156.65727371401607,159.8727994104146,0,0,0,0
152.91711758734675,153.87168356640353,156.65727371401607,159.9280227187785,0,0,0,0
152.97234089571063,153.67533402555418,156.79226402335001,159.9280227187785,0,0,0,0
153.03370012722607,154.00053795258592,156.7493125612892,160.001653796597,0,0,0,0
153.10733120504457,153.81646025803965,156.79839994650155,160.01392564290006,0,0,0,0
153.15641859025692,153.70601364131187,156.82907956225927,160.03233341235472,0,0,0,0
153.11960305134767,153.86554764325197,156.8229436391077,160.03846933550625,0,0,0,0
153.26072928383314,153.91463502846432,156.89657471692624,159.9771101039908,0,0,0,0
153.1993700523177,153.88395541270663,156.86589510116852,160.01392564290006,0,0,0,0
153.1257389744992,153.91463502846432,156.84135140856233,159.88507125671765,0,0,0,0
153.19323412916617,153.83486802749428,156.9088465632293,159.98938195029388,0,0,0,0
153.10733120504457,153.8532757969489,156.90271064007777,159.98324602714234,0,0,0,0
153.15028266710536,153.91463502846432,156.91498248638086,159.96483825768772,0,0,0,0
153.14414674395383,153.77350879597884,156.7738562538954,160.00165379659697,0,0,0,0
153.1380108208023,153.86554764325197,156.85975917801696,160.00165379659697,0,0,0,0
153.02142828092298,154.012809798889,156.85975917801696,159.9464304882331,0,0,0,0
153.15028266710536,153.71828548761496,157.12973979668485,160.0323334123547,0,0,0,0
153.18709820601464,154.08030495355598,157.08678833462403,160.0077897197485,0,0,0,0
153.18709820601464,154.15393603137449,157.18496310504872,160.07528487441547,0,0,0,0
153.2975448227424,154.20915933973836,157.23405049026107,160.081420797567,0,0,0,0
153.32208851534855,154.1968874934353,157.23405049026107,160.11210041332473,0,0,0,0
153.2975448227424,154.06189718410135,157.19109902820026,160.1366441059309,0,0,0,0
153.32208851534855,154.20915933973836,157.154283489291,160.06914895126394,0,0,0,0
153.26072928383314,154.04962533779826,157.14814756613947,160.07528487441547,0,0,0,0
153.1993700523177,154.16007195452602,156.9947494873509,160.05687710496085,0,0,0,0
153.23004966807542,153.9698583368282,156.89043879377468,160.01392564290003,0,0,0,0
153.03370012722607,153.97599425997976,157.0192931799571,159.9955178734454,0,0,0,0
153.15028266710536,153.99440202943438,156.88430287062315,159.90347902617228,0,0,0,0
153.05824381983223,153.8410039506458,156.86589510116852,159.87279941041456,0,0,0,0
153.09505935874148,153.8532757969489,156.8229436391077,159.85439164095993,0,0,0,0
152.953933126256,153.8225961811912,156.87203102432005,159.9464304882331,0,0,0,0
152.97234089571063,153.84713987379735,156.8352154854108,159.82984794835377,0,0,0,0
152.99074866516526,153.8225961811912,156.81680771595617,159.78689648629296,0,0,0,0
153.03370012722607,153.84713987379735,156.89657471692624,159.7500809473837,0,0,0,0
153.06437974298376,153.73055733391806,156.79839994650155,159.64577025380748,0,0,0,0
153.10119528189304,153.74896510337268,156.73090479183458,159.6887217158683,0,0,0,0
153.06437974298376,153.53420779306867,156.85362325486543,159.65190617695905,0,0,0,0
153.02142828092298,153.71214956446343,156.54069117413675,159.73167317792908,0,0,0,0
153.16255451340845,153.87781948955507,156.85975917801696,159.82371202520224,0,0,0,0
153.36503997740937,153.98826610628285,156.79226402335001,160.05687710496085,0,0,0,0
153.36503997740937,154.1723438008291,156.98861356419937,160.1673237216886,0,0,0,0
153.4141273626217,154.227567109193,157.0192931799571,160.3084499541741,0,0,0,0
153.48775844044022,154.32574187961768,157.11133202723022,160.44957618665958,0,0,0,0
153.46321474783403,154.45459626580006,157.09906018092713,160.45571210981112,0,0,0,0
153.49389436359175,154.2705185712538,157.02542910310862,160.363673262538,0,0,0,0
153.45094290153096,154.0557612609498,157.11133202723022,160.30231403102255,0,0,0,0
153.3957195931671,154.12939233876833,157.14814756613947,160.3820810319926,0,0,0,0
153.42026328577327,154.0250816451921,157.07451648832097,160.363673262538,0,0,0,0
153.48775844044025,154.1109845693137,156.9333902558355,160.27163441526483,0,0,0,0
153.49389436359178,154.11712049246523,156.85975917801696,160.1673237216886,0,0,0,0
153.46935067098562,153.92077095161588,156.91498248638086,160.14891595223398,0,0,0,0
153.3650399774094,153.98826610628285,157.007021333654,160.05687710496085,0,0,0,0
153.33436036165168,153.87781948955507,156.68181740662223,160.1059644901732,0,0,0,0
153.34663220795477,153.93304279791894,156.78612810019845,160.07528487441547,0,0,0,0
153.29754482274242,153.78578064228194,156.8474873317139,160.2654984921133,0,0,0,0
153.30368074589396,153.77350879597884,156.8474873317139,160.2532266458102,0,0,0,0
153.3527681311063,153.84713987379735,156.89043879377468,160.24095479950714,0,0,0,0
153.3404962848032,153.7244214107665,157.01315725680553,160.21641110690095,0,0,0,0
153.32208851534858,153.9391787210705,157.01315725680553,160.57843057284197,0,0,0,0
153.29754482274242,153.6385184866449,157.01315725680553,160.5845664959935,0,0,0,0
153.37117590056093,153.61397479403874,157.01315725680553,160.7563723442367,0,0,0,0
153.32208851534858,153.71214956446343,157.53471072468665,160.79318788314595,0,0,0,0
153.5000302867433,153.98826610628285,157.89673019062766,160.8852267304191,0,0,0,0
153.5859332108649,154.11712049246523,157.6574291877175,160.68887718956972,0,0,0,0
153.5000302867433,154.12325641561677,157.71265249608138,161.1920228879962,0,0,0,0
153.61661282662263,154.10484864616214,157.77401172759681,160.79932380629748,0,0,0,0
153.73933128965348,154.4300525731939,157.71878841923294,160.90977042302524,0,0,0,0
153.7577390591081,154.3011981870115,157.5960699562021,160.658197573812,0,0,0,0
153.70865167389576,154.23983895549608,157.5101670320805,160.75637234423667,0,0,0,0
153.66570021183497,154.1968874934353,157.4242641079589,160.65206165066044,0,0,0,0
153.6718361349865,154.12325641561677,157.2401864134126,160.51093541817497,0,0,0,0
153.5368458256526,154.1416641850714,157.19723495135182,160.50479949502343,0,0,0,0
153.56138951825875,154.14780010822295,156.9947494873509,160.37594510884105,0,0,0,0
153.3650399774094,153.98826610628285,156.8229436391077,160.1980033374463,0,0,0,0
153.30981666904552,153.81646025803965,156.64500186771298,160.02006156605157,0,0,0,0
153.24845743753008,153.87168356640353,156.63273002140988,159.91575087247534,0,0,0,0
153.10119528189307,153.8410039506458,156.49773971207597,159.89734310302072,0,0,0,0
153.0643797429838,153.89009133585816,156.39342901849975,159.866663487263,0,0,0,0
152.98461274201375,153.76123694967575,156.47933194262134,159.73780910108061,0,0,0,0
153.0337001272261,153.64465440979646,156.38729309534818,159.81757610205065,0,0,0,0
152.98461274201375,153.77350879597884,156.29525424807505,159.7071294853229,0,0,0,0
153.02756420407454,153.61397479403874,156.2584387091658,159.68872171586827,0,0,0,0
153.05824381983226,153.6385184866449,156.2707105554689,159.65190617695902,0,0,0,0
153.00302051146838,153.5955670245841,156.0559532451649,159.4494207129581,0,0,0,0
153.01529235777147,153.61397479403874,156.13572024613495,159.46782848241273,0,0,0,0
153.01529235777147,153.6814699487057,156.2461668628627,159.48010032871582,0,0,0,0
152.98461274201375,153.73055733391806,156.24003093971118,159.64577025380746,0,0,0,0
153.1809622828631,153.89009133585816,156.47933194262134,159.8543916409599,0,0,0,0
153.27300113013624,154.0680331072529,156.577506713046,160.19186741429476,0,0,0,0
153.38344774686402,154.26438264810224,157.11133202723022,160.44957618665956,0,0,0,0
153.5123021330464,154.3871011111331,157.03770094941171,160.57843057284194,0,0,0,0
153.56752544141028,154.66935357610407,157.25859418286723,160.59070241914503,0,0,0,0
153.57979728771338,154.57117880567938,157.14201164298794,160.6152461117512,0,0,0,0
153.5000302867433,154.46073218895162,157.22791456710954,160.6152461117512,0,0,0,0
153.47548659413715,154.42391665004237,157.1236038735333,160.51093541817497,0,0,0,0
153.35890405425783,153.67533402555418,157.06224464201787,160.30231403102252,0,0,0,0
153.24845743753008,153.95145056737357,156.9333902558355,160.16118779853704,0,0,0,0
153.12573897449923,154.0557612609498,156.86589510116852,159.94643048823306,0,0,0,0
153.01529235777147,153.8532757969489,156.85362325486543,159.9648382576877,0,0,0,0
152.96006904940756,153.6078388708872,156.70022517607686,159.8543916409599,0,0,0,0
152.96620497255913,153.6937417950088,156.71249702237995,159.8789353335661,0,0,0,0
152.9600690494076,153.74896510337268,156.88430287062315,160.0384693355062,0,0,0,0
153.08278751243847,153.79805248858503,157.0929242577756,160.11823633647623,0,0,0,0
153.1318748976508,153.8532757969489,157.14814756613947,160.1857314911432,0,0,0,0
153.08892343559,154.13552826191986,157.27700195232185,160.26549849211327,0,0,0,0
153.28527297643936,154.19075157028374,157.2401864134126,160.16118779853704,0,0,0,0
153.43867105522793,154.16007195452602,157.28313787547341,160.1857314911432,0,0,0,0
153.46935067098565,154.15393603137449,157.19109902820026,160.2839062615679,0,0,0,0
153.3343603616517,154.11712049246523,157.19723495135182,160.25322664581017,0,0,0,0
153.3466322079548,154.03735349149517,157.0806524114725,160.2409547995071,0,0,0,0
153.3343603616517,153.88395541270663,156.9947494873509,160.19186741429476,0,0,0,0
153.23004966807548,153.86554764325197,156.81680771595617,160.14278002908242,0,0,0,0
153.13801082080235,153.7796447191304,156.79839994650155,160.10596449017316,0,0,0,0
153.03370012722613,153.67533402555418,156.70636109922842,160.04460525865773,0,0,0,0
153.11346712819616,153.6385184866449,156.63273002140988,160.0139256429,0,0,0,0
153.05824381983228,153.50966410046252,156.54069117413675,160.03233341235466,0,0,0,0
152.89870981789218,153.50352817731098,156.58364263619757,159.9648382576877,0,0,0,0
152.94166127995297,153.46057671525017,156.62045817510682,159.93415864192997,0,0,0,0
152.95393312625606,153.51580002361405,156.56523486674294,159.89734310302072,0,0,0,0
153.1011952818931,153.66306217925109,156.69408925292532,159.9648382576877,0,0,0,0
153.1011952818931,153.75510102652422,156.9088465632293,160.0691489512639,0,0,0,0
153.1870982060147,153.5771592551295,156.76772033074383,160.04460525865773,0,0,0,0
153.22391374492395,153.6385184866449,156.89043879377468,160.04460525865773,0,0,0,0
153.09505935874154,153.70601364131187,157.09906018092713,159.98938195029385,0,0,0,0
153.20550597546932,153.84713987379735,157.11746795038175,160.00778971974847,0,0,0,0
153.08892343559,153.90236318216125,157.11746795038175,160.07528487441544,0,0,0,0
153.0766515892869,153.77350879597884,156.9947494873509,160.0261974892031,0,0,0,0
153.14414674395388,153.74896510337268,157.00088541050246,159.98938195029385,0,0,0,0
153.00915643461994,153.77350879597884,157.04383687256325,159.95870233453613,0,0,0,0
153.07051566613538,153.62624664034183,156.79839994650155,160.0261974892031,0,0,0,0
153.0030205114684,153.4912563310079,156.7493125612892,159.92188679562688,0,0,0,0
152.84962243267984,153.51580002361405,156.71863294553148,159.84211979465684,0,0,0,0
152.87416612528602,153.58943110143258,156.66954556031916,159.86052756411146,0,0,0,0
152.84962243267984,153.41762525318939,156.62045817510682,159.9402945650815,0,0,0,0
152.9171175873468,153.6385184866449,156.6756814834707,159.99551787344538,0,0,0,0
153.03370012722613,153.37467379112857,156.63886594456145,160.08142079756698,0,0,0,0
153.03370012722613,153.42376117634092,156.75544848444073,160.0261974892031,0,0,0,0
153.02142828092303,153.58329517828102,156.8229436391077,160.10596449017316,0,0,0,0
153.03370012722613,153.62011071719027,157.07451648832097,160.10596449017316,0,0,0,0
153.06437974298382,153.58329517828102,157.1665553355941,160.10596449017316,0,0,0,0
153.0766515892869,153.68760587185724,157.08678833462403,160.1121004133247,0,0,0,0
153.0459719735292,153.7673728728273,157.0990601809271,160.23481887635555,0,0,0,0
153.03983605037766,153.5955670245841,156.7799921770469,160.22254703005245,0,0,0,0
152.99688458831687,153.58943110143258,157.09292425777556,160.08755672071854,0,0,0,0
152.97847681886225,153.58943110143258,156.95793394844162,160.10596449017316,0,0,0,0
152.94166127995297,153.5955670245841,156.71863294553145,160.0139256429,0,0,0,0
153.02142828092303,153.58329517828102,156.79226402335,159.9587023345361,0,0,0,0
152.78212727801287,153.58943110143258,156.77385625389536,159.96483825768766,0,0,0,0
152.8005350474675,153.33785825221932,156.79226402335,159.94029456508147,0,0,0,0
152.88030204843756,153.41762525318939,156.7063610992284,159.8850712567176,0,0,0,0
152.81280689377058,153.64465440979646,156.73090479183455,159.9280227187784,0,0,0,0
152.90484574104372,153.63238256349337,156.63273002140986,160.02619748920307,0,0,0,0
152.8864379715891,153.65692625609952,156.7063610992284,160.06301302811232,0,0,0,0
152.95393312625606,153.7551010265242,156.71249702237992,160.14891595223392,0,0,0,0
152.98461274201378,154.06803310725286,156.68795332977376,160.29004218471943,0,0,0,0
153.07051566613538,153.90236318216122,156.8536232548654,160.33912956993174,0,0,0,0
153.15028266710542,153.59556702458408,157.0561087188663,160.40662472459871,0,0,0,0
153.0030205114684,153.7428291802211,156.92111840953237,160.1734596448401,0,0,0,0
153.08278751243847,153.80418841173653,156.82907956225924,160.1182363364762,0,0,0,0
152.9171175873468,153.92690687476738,156.91498248638084,160.03233341235463,0,0,0,0
152.93552535680143,153.7735087959788,156.74931256128917,160.0568771049608,0,0,0,0
152.97847681886225,153.57102333197793,156.71863294553145,160.02619748920307,0,0,0,0
152.95393312625606,153.6139747940387,156.7063610992284,159.92188679562685,0,0,0,0
152.91098166419528,153.51580002361402,156.95793394844162,159.84825571780834,0,0,0,0
152.83735058637674,153.63851848664487,156.88430287062312,159.81757610205062,0,0,0,0
152.86803020213446,153.56488740882637,156.89043879377465,159.8727994104145,0,0,0,0
152.82507874007368,153.65692625609952,156.99474948735087,159.9587023345361,0,0,0,0
152.93552535680143,153.583295178281,157.1113320272302,159.8727994104145,0,0,0,0
152.8434865095283,153.69374179500878,156.96406987159315,160.1182363364762,0,0,0,0
152.8312146632252,154.0189457220405,156.79839994650152,160.1734596448401,0,0,0,0
152.8434865095283,154.05576126094977,156.70022517607683,160.18573149114317,0,0,0,0
152.9171175873468,154.0005379525859,156.73704071498608,160.16118779853701,0,0,0,0
152.9723408957107,154.02508164519207,156.8965747169262,160.09369264387004,0,0,0,0
152.92325351049834,153.8839554127066,156.66340963716758,160.06301302811232,0,0,0,0
152.88030204843756,153.86554764325194,156.71249702237992,159.9709741808392,0,0,0,0
152.87416612528602,153.98213018313126,156.67568148347067,160.0139256429,0,0,0,0
152.89870981789218,153.67533402555415,156.65113779086448,159.99551787344535,0,0,0,0
152.92325351049834,153.65079033294796,156.68795332977376,159.9832460271423,0,0,0,0
153.02142828092303,153.50352817731095,156.90884656322928,159.93415864192994,0,0,0,0
153.0152923577715,153.54647963937174,156.9517980252901,159.8850712567176,0,0,0,0
153.0459719735292,153.46057671525014,157.10519610407866,159.9280227187784,0,0,0,0
153.03370012722613,153.39308156058317,157.11746795038172,159.86052756411144,0,0,0,0
153.07051566613538,153.48512040785633,157.1972349513518,159.7868964862929,0,0,0,0
153.06437974298382,153.48512040785633,157.16655533559407,159.8973431030207,0,0,0,0
153.11346712819616,153.5526155625233,157.13587571983635,160.1305081827793,0,0,0,0
153.08892343559,153.5096641004625,157.17882718189716,160.07528487441542,0,0,0,0
153.15641859025698,153.72442141076647,157.1849631050487,159.9832460271423,0,0,0,0
153.08278751243847,153.57715925512946,157.17882718189716,159.90961494932378,0,0,0,0
152.80667097061905,153.58943110143255,157.0990601809271,159.87893533356606,0,0,0,0
153.0030205114684,153.5280718699171,156.8965747169262,160.02619748920307,0,0,0,0
153.03370012722613,153.59556702458408,156.77385625389536,160.06914895126388,0,0,0,0
152.98461274201378,153.68760587185722,156.90884656322928,159.97711010399073,0,0,0,0
152.97847681886225,153.63851848664487,156.7554484844407,159.8727994104145,0,0,0,0
153.02756420407457,153.63238256349334,156.8536232548654,159.91575087247531,0,0,0,0
152.95393312625606,153.68760587185722,156.67568148347067,160.06301302811232,0,0,0,0
153.02756420407457,153.68760587185722,156.58977855934907,160.11210041332467,0,0,0,0
153.06437974298382,153.76737287282728,156.81680771595614,160.1305081827793,0,0,0,0
152.98461274201378,153.65692625609952,156.7799921770469,160.0568771049608,0,0,0,0
153.06437974298382,153.6937417950088,156.77385625389536,160.06914895126388,0,0,0,0
153.08278751243847,153.7366932570696,156.79226402335,160.10596449017314,0,0,0,0
153.00915643461994,153.60170294773565,156.79839994650152,160.0875567207185,0,0,0,0
153.05210789668075,153.53420779306867,156.9517980252901,160.0875567207185,0,0,0,0
153.03983605037766,153.55261556252333,156.65113779086448,160.06301302811232,0,0,0,0
153.0766515892869,153.73055733391806,156.54069117413673,160.07528487441542,0,0,0,0
153.11960305134772,153.62011071719027,156.6204581751068,160.06301302811232,0,0,0,0
153.05824381983228,153.62624664034183,156.61432225195523,160.07528487441542,0,0,0,0
152.94166127995297,153.62011071719027,156.8965747169262,160.2041392605978,0,0,0,0
152.95393312625606,153.67533402555418,156.79839994650152,160.2470907226586,0,0,0,0
153.05210789668075,153.44216894579554,156.939526178987,160.27777033841633,0,0,0,0
152.96006904940762,153.6078388708872,156.95793394844162,160.16118779853701,0,0,0,0
153.07665158928694,153.71828548761496,156.90884656322928,160.19186741429473,0,0,0,0
152.9968845883169,153.6385184866449,156.97020579474471,160.19800333744627,0,0,0,0
153.03370012722615,153.71828548761496,157.00702133365397,160.2041392605978,0,0,0,0
153.0398360503777,153.70601364131187,156.89043879377465,160.2470907226586,0,0,0,0
153.0582438198323,153.66306217925109,156.939526178987,160.16732372168855,0,0,0,0
153.06437974298385,153.7244214107665,156.79839994650152,160.19800333744627,0,0,0,0
152.99074866516534,153.64465440979646,156.6940892529253,160.19186741429473,0,0,0,0
153.05210789668078,153.5955670245841,156.63273002140986,160.1427800290824,0,0,0,0
152.96006904940762,153.64465440979646,156.73090479183455,160.06914895126388,0,0,0,0
152.97234089571072,153.61397479403874,156.510011558379,159.97711010399073,0,0,0,0
153.00302051146843,153.67533402555418,156.66340963716758,160.0139256429,0,0,0,0
152.99074866516534,153.62624664034183,156.7554484844407,160.0384693355062,0,0,0,0
153.07665158928694,153.5955670245841,156.8658951011685,160.09369264387007,0,0,0,0
152.92938943364993,153.55261556252333,156.82294363910768,160.1243722596278,0,0,0,0
153.0398360503777,153.63238256349337,156.79226402335,160.1550518753855,0,0,0,0
152.99074866516534,153.650790332948,156.93339025583546,160.13664410593088,0,0,0,0
153.0827875124385,153.6937417950088,156.72476886868301,160.1980033374463,0,0,0,0
152.89257389474068,153.55261556252333,156.63886594456142,160.24709072265864,0,0,0,0
152.96620497255918,153.66306217925109,156.7799921770469,160.25936256896173,0,0,0,0
152.9539331262561,153.5219359467656,156.71863294553145,160.14891595223395,0,0,0,0
153.00915643461997,153.50352817731098,156.90884656322928,160.24709072265864,0,0,0,0
